標題,日期,作者
[新聞] MLB／藍鳥簽大谷翔平失利！想改追Bellinger　未婚妻曬照舖,12/12,saiulbb
[討論] 回憶大谷這六年哪一場最值得看?,12/12,kelvintube
[討論] 道奇 = NBA湖人？,12/13,renna038766
[討論] 我對於大谷說的補強的看法,12/12,Lemon487
[新聞] MLB》大谷翔平最重要的人!日媒爆翻譯水原,12/12,InoueNagi
[討論] 大谷為什麼要7億,12/12,MAYADD
[討論] 道奇組日本隊有料嗎,12/12,renna038766
Re: [分享] 大谷翔平本來想要把薪資全部延遲支付,12/12,Yuan610
[討論] 山本如果去道奇 大谷以後會不會被基迷噓,12/12,NYYLG
Re: [討論] 大谷道奇這10年幾冠算成功?,12/12,ngilisigoa
[新聞] 大谷翔平經濟效益提升！日本贊助商賺到了,12/12,hvariables
Re: [分享] 大谷翔平本來想要把薪資全部延遲支付,12/12,larryrock
[討論] 大谷合約延遲付款,12/12,gasiacruise
Re: [分享] 大谷翔平本來想要把薪資全部延遲支付,12/12,x6073123
Re: [分享] 大谷翔平本來想要把薪資全部延遲支付,12/12,autorad
[討論] 道奇要拿二千多萬空間幹什麼大事呢？,12/12,autorad
Re: [分享] 大谷翔平本來想要把薪資全部延遲支付,12/12,ligin
[討論] 大谷會不會是想結婚了？,12/12,aa1477888
[討論] 大谷道奇這10年幾冠算成功?,12/12,rappig
Re: [新聞] 大谷7億約97％延遲支付可實拿更多？,12/12,aass5566
[分享] 大谷翔平本來想要把薪資全部延遲支付,12/12,Axwell
Re: [討論] 大谷這樣算不算MLB版的KD ?!,12/12,autorad
[新聞] 一起加入道奇！大谷15日開加盟記者會,12/12,killua0209
[新聞] SPC-MLB》道奇隊正式宣布大谷加盟 翔平要,12/12,Toyosushij
[新聞] 急了！大谷翔平飛多倫多烏龍消息　湧入大,12/12,IzumiKonata
[情報] 道奇預計本週稍晚與山本由伸會面,12/12,polanco
Re: [討論] 大谷這樣算不算MLB版的KD ?!,12/12,coolhon
[新聞] 大谷7億約97％延遲支付可實拿更多？,12/12,medama
[討論] 未來季後賽大谷新聞標題,12/12,kingofpig
[新聞] 「道奇大谷」首秀 南韓搶先看,12/12,hvariables
[問題] 若不考量錢，大谷來台機率大嗎？,12/12,a1b2c3d4e5
Fw: [爆卦] 道奇將收購天使明星外野手鱒魚,12/12,x0952
Re: [情報] 大谷翔平合約 每年延期付款68M,12/12,gn01110728
[討論] 大谷幹嘛不簽10年5E定期付,12/12,renna038766
[新聞] SPC-MLB／ 大谷下季實領僅200萬 美記：確,12/12,killua0209
[討論] 大谷要破最長連冠的要六連冠,12/12,dcm5566
[新聞] 經典賽與大谷翔平當隊友 大勢記憶他在零,12/12,Axwell
[閒聊] 大谷翔平今年預估代言收入85億円,12/12,yutan0802
[情報] 大谷翔平正式加盟道奇隊,12/12,what62651
[分享] 大谷翔平：把世界冠軍遊行帶到洛杉磯,12/12,Axwell
[新聞] 道奇官網先暴雷！大谷新賽季可能續披17,12/12,teramars
[情報] 天使IG Thank You 大谷翔平,12/12,yuchiwang
[討論] MLB官方商店偷跑大谷背號？,12/12,plauge
Re: [新聞] 7億合約有6.8億延期付款　傳是大谷翔平本,12/12,UbaldJimenez
Re: [情報] 大谷翔平合約 每年延遲付款68M,12/12,ryanl
[新聞] SPC-大谷去道奇對棒球比較好？ 藍鳥王牌,12/12,polanco
[情報] 道奇將在美國時間禮拜四舉行記者會,12/12,Axwell
[討論] 結果大谷還是勞工之恥嗎？,12/12,WindowUpdate
Re: [情報] 大谷翔平合約 每年延遲付款68M,12/12,pimachu
[新聞] MLB》簽大谷組豪華MVP連線仍非最強？美媒,12/12,killua0209
[討論] 算上代言大谷也不賠吧,12/12,a2394673
Re: [情報] 大谷翔平合約 每年延期付款68M,12/12,elic2577
Re: [情報] 大谷翔平合約 每年延期付款68M,12/12,occlumency3
[分享] 道奇隊球員 2024年預期薪資排名,12/12,polanco
[討論] 大谷這樣算不算MLB版的KD ?!,12/12,rbki3
Re: [情報] 大谷翔平合約 每年延期付款68M,12/12,wijnaldum
[新聞] 大谷每年只領35分之1薪水　場外收入仍讓,12/12,Skyblueway
Re: [討論] 大谷這樣算不算MLB版的KD ?!,12/12,dragon803
[新聞] 7億合約有6.8億延期付款　傳是大谷翔平本,12/12,killua0209
[討論] 大谷是不是MLB的宿儺,12/12,johnnyjazz
[新聞] MLB》大谷未來10年超低薪！恩師解釋：他,12/12,killua0209
Re: [情報] 大谷翔平合約 每年延遲付款68M,12/12,jimgene
Re: [情報] 大谷翔平合約 每年延期付款68M,12/12,yuzuki
[新聞] MLB》大谷合約期間只拿2千萬 道奇MVP連,12/12,Skyblueway
[討論] 大谷翔平的逐年薪資,12/12,hsuans
Re: [新聞] 一路領到78歲？道奇延付減輕壓力 大谷翔,12/12,occlumency3
Re: [新聞] 大谷翔平轉戰道奇　不一定繼續用17號,12/12,pandakuo
[情報] 大谷翔平合約 每年延期付款68M,12/12,polanco
Re: [情報] 大谷翔平合約 每年延遲付款68M,12/12,jerry00116
Re: [情報] 大谷翔平合約 每年延遲付款68M,12/12,jackself
Re: [情報] 大谷翔平合約 每年延遲付款68M,12/12,ligin
[情報] R: 大谷翔平合約 每年延期付款68M,12/12,Evan0498
Re: [情報] 大谷翔平合約 每年延期付款68M,12/12,Axwell
[新聞] MLB／道奇補強「無極限」！還要光芒強投Glasnow與白襪王牌Ce,12/11,saiulbb
[情報] 洋基和道奇交易,12/12,what62651
[問題] 有沒有機會請到大谷來?,12/11,poplc
[新聞] 大谷能怎麼更強？　數據建議更積極出棒,12/11,hvariables
[新聞] 爭奪山本由伸前　傳洋基、道奇先做交易,12/11,saiulbb
Re: [新聞] MLB》藍鳥搶輸大谷翔平不是因為錢？外媒,12/11,HinaTomo
[新聞] MLB》道奇不要了！ 傳響尾蛇有意網羅315,12/11,Toyosushij
Re: [新聞] 大谷翔平「220億合約」有多貴？牛丼可,12/11,ryanl
[新聞] SPC-MLB／在道奇改回日職11號？日媒曝大,12/11,sukiya
[新聞] 跟著大谷發大財！曝經紀人可能獲得10億台,12/11,sukiya
[新聞] 一路領到78歲？道奇延付減輕壓力 大谷翔,12/11,killua0209
[新聞] MLB》藍鳥搶輸大谷翔平不是因為錢？外媒,12/11,killua0209
Re: [新聞] MLB》藍鳥搶輸大谷翔平不是因為錢？外媒,12/11,LDPC
[分享] 道奇歷年日韓台球員,12/11,gaymay5566
[新聞] 成功簽下大谷翔平「道奇最後一刻才知道」,12/11,killua0209
[新聞] 大谷翔平轉戰道奇　不一定繼續用17號,12/11,hvariables
[新聞] 大谷翔平「220億合約」有多貴？牛丼可,12/11,JHENGKUNLIN
[分享] 藍鳥的最終報價與道奇接近,12/11,polanco
[新聞] 大谷與道奇簽約，經紀人約有50億日圓報酬,12/11,Ulysses
[新聞] 大谷公布簽約瞬間 道奇投手：球隊群組裡,12/11,tomlishan
[新聞] 明年3月飛韓國看大谷翔平　道奇海外賽預,12/11,Axwell
[新聞] SPC-大谷7億大約影響洋基留人？ 紐媒預測,12/11,polanco
[新聞] 破紀錄大約簽大谷翔平！　傳道奇對山本,12/11,LIN9
[新聞] MLB》再見了大谷翔平！天使球場瀰漫離別,12/11,LIN9
[分享] 沒搶到大谷、爭奪山本由伸 藍鳥參戰,12/11,leonjapan
[新聞] MLB》大谷翔平明年6月21日首度對決天使,12/11,JHENGKUNLIN
[新聞] 幫道奇減少奢侈稅負擔 大谷翔平主動提議,12/11,kim
[新聞] 錯失大谷翔平　大都會老闆：經紀人從未聯,12/11,Toyosushij
[新聞] MLB》憂心大谷翔平加盟冷門球隊 日本店家,12/11,ccf52881
[ANSI] 大谷翔平（道奇ver.）,12/11,aobocodo2004
[分享] Bob Nightengale-從大谷事件探討媒體亂象,12/10,Axwell
[新聞] 被大谷翔平改寫肥約紀錄 馬霍莫斯也嚇到了,12/10,Intelnet
[討論] 大谷翔平看到這場冠軍賽 心裡會想什麼,12/10,kelosh22
[新聞] 一夕成為億萬富翁 大谷翔平：感覺好好笑,12/10,iam168888888
